{"cameraMode":{"drawMode":0,"name":"Shaded","section":"Shading Mode"},"sceneLighting":false,"audioPlay":false,"sceneViewState":{"m_AlwaysRefresh":false,"showFog":true,"showSkybox":false,"showFlares":true,"showImageEffects":true,"showParticleSystems":true,"showVisualEffectGraphs":true,"m_FxEnabled":true},"in2DMode":false,"pivot":{"x":-3.7502634525299074,"y":0.5779098868370056,"z":3.711651563644409},"rotation":{"x":-0.014026549644768238,"y":0.952156662940979,"z":0.04421304911375046,"w":0.3020694851875305},"size":1.3986928462982178,"orthographic":false}