{"cameraMode":{"drawMode":0,"name":"Shaded","section":"Shading Mode"},"sceneLighting":false,"audioPlay":false,"sceneViewState":{"m_AlwaysRefresh":false,"showFog":true,"showSkybox":false,"showFlares":true,"showImageEffects":true,"showParticleSystems":true,"showVisualEffectGraphs":true,"m_FxEnabled":true},"in2DMode":false,"pivot":{"x":3.8333969116210939,"y":3.484264612197876,"z":1.2284965515136719},"rotation":{"x":-0.015019561164081097,"y":0.10181150585412979,"z":-0.001537328353151679,"w":-0.9946877956390381},"size":24.7017822265625,"orthographic":false}